# operation	command	carrier_fingerprint	instruction_count	firmware_abi_keys	addresses
submit16	0xc0108102	b0153d8b93d4f81c	28	0x0320,0x0400,0x0403,0x0450,0x0451,0x0502,0x0510,0x0550,0x0600,0x0602,0x0650,0x0701,0x0720,0x0740,0x0760,0x0761,0x0800,0x0820,0x0840,0x0860,0x0900,0x0905,0x0920,0x0940,0x0960,0x1001,0x1020,0x1040,0x1060,0x1100,0x1120,0x1140,0x1160,0x1200,0x1202,0x1220,0x1240,0x1260,0x1270	0x0320@0x7bc0,0x0400@0x8330,0x0403@0x8330,0x0450@0x84f0,0x0451@0x84f0,0x0502@0x86e0,0x0510@0x86e0,0x0550@0x86e0,0x0600@0x8c80,0x0602@0x8c80,0x0650@0x8c80,0x0701@0x8cb0,0x0720@0x8cb0,0x0740@0x8cb0,0x0760@0x8cb0,0x0761@0x8cb0,0x0800@0x8ee0,0x0820@0x8ee0,0x0840@0x8ee0,0x0860@0x8ee0,0x0900@0x9180,0x0905@0x9180,0x0920@0x9180,0x0940@0x9180,0x0960@0x9180,0x1001@0x9280,0x1020@0x9280,0x1040@0x9280,0x1060@0x9280,0x1100@0x84f0,0x1120@0x84f0,0x1140@0x84f0,0x1160@0x84f0,0x1200@0x8c20,0x1202@0x8c20,0x1220@0x8c20,0x1240@0x8c20,0x1260@0x8c20,0x1270@0x8c20
queue_destroy	0xc00c810e	146110802645e9bb	59	0x0900,0x0905,0x0920,0x0940,0x0960,0x1001,0x1020,0x1040,0x1060	0x0900@0x9a60,0x0905@0x9a60,0x0920@0x9a60,0x0940@0x9a60,0x0960@0x9a60,0x1001@0x9b60,0x1020@0x9b60,0x1040@0x9b60,0x1060@0x9b60
queue_destroy	0xc00c810e	59fca0cc1625dd87	65	0x1100,0x1120,0x1140,0x1160,0x1200,0x1202,0x1220,0x1240,0x1260,0x1270	0x1100@0x8e00,0x1120@0x8e00,0x1140@0x8e00,0x1160@0x8e00,0x1200@0x9540,0x1202@0x9540,0x1220@0x9540,0x1240@0x9540,0x1260@0x9540,0x1270@0x9540
queue_destroy	0xc00c810e	89b43d2f75ae004b	59	0x0600,0x0602,0x0650,0x0701,0x0720,0x0740,0x0760,0x0761	0x0600@0x9560,0x0602@0x9560,0x0650@0x9560,0x0701@0x9590,0x0720@0x9590,0x0740@0x9590,0x0760@0x9590,0x0761@0x9590
queue_destroy	0xc00c810e	cc28b66c54f29e58	59	0x0800,0x0820,0x0840,0x0860	0x0800@0x9790,0x0820@0x9790,0x0840@0x9790,0x0860@0x9790
queue_destroy	0xc00c810e	ce521b096531cdaa	59	0x0502,0x0510,0x0550	0x0502@0x8fc0,0x0510@0x8fc0,0x0550@0x8fc0
queue_destroy	0xc00c810e	f3272c7fa1e3c8f3	59	0x0320,0x0400,0x0403,0x0450,0x0451	0x0320@0x83b0,0x0400@0x8c10,0x0403@0x8c10,0x0450@0x8dd0,0x0451@0x8dd0
suspend_primary	0xc010811c	f11f91671460b2f7	29	0x0320,0x0400,0x0403,0x0450,0x0451,0x0502,0x0510,0x0550,0x0600,0x0602,0x0650,0x0701,0x0720,0x0740,0x0760,0x0761,0x0800,0x0820,0x0840,0x0860,0x0900,0x0905,0x0920,0x0940,0x0960,0x1001,0x1020,0x1040,0x1060,0x1100,0x1120,0x1140,0x1160,0x1200,0x1202,0x1220,0x1240,0x1260,0x1270	0x0320@0x89c0,0x0400@0x9220,0x0403@0x9220,0x0450@0x93e0,0x0451@0x93e0,0x0502@0x95d0,0x0510@0x95d0,0x0550@0x95d0,0x0600@0x9b70,0x0602@0x9b70,0x0650@0x9b70,0x0701@0x9ba0,0x0720@0x9ba0,0x0740@0x9ba0,0x0760@0x9ba0,0x0761@0x9ba0,0x0800@0x9da0,0x0820@0x9da0,0x0840@0x9da0,0x0860@0x9da0,0x0900@0xa070,0x0905@0xa070,0x0920@0xa070,0x0940@0xa070,0x0960@0xa070,0x1001@0xa170,0x1020@0xa170,0x1040@0xa170,0x1060@0xa170,0x1100@0x9430,0x1120@0x9430,0x1140@0x9430,0x1160@0x9430,0x1200@0x9b70,0x1202@0x9b70,0x1220@0x9b70,0x1240@0x9b70,0x1260@0x9b70,0x1270@0x9b70
tf_privileged	0xc0108120	d25dd79893ed4382	29	0x0320,0x0400,0x0403,0x0450,0x0451,0x0502,0x0510,0x0550,0x0600,0x0602,0x0650,0x0701,0x0720,0x0740,0x0760,0x0761,0x0800,0x0820,0x0840,0x0860,0x0900,0x0905,0x0920,0x0940,0x0960,0x1001,0x1020,0x1040,0x1060,0x1100,0x1120,0x1140,0x1160,0x1200,0x1202,0x1220,0x1240,0x1260,0x1270	0x0320@0x8d50,0x0400@0x95b0,0x0403@0x95b0,0x0450@0x9770,0x0451@0x9770,0x0502@0x9960,0x0510@0x9960,0x0550@0x9960,0x0600@0x9f00,0x0602@0x9f00,0x0650@0x9f00,0x0701@0x9f30,0x0720@0x9f30,0x0740@0x9f30,0x0760@0x9f30,0x0761@0x9f30,0x0800@0xa130,0x0820@0xa130,0x0840@0xa130,0x0860@0xa130,0x0900@0xa400,0x0905@0xa400,0x0920@0xa400,0x0940@0xa400,0x0960@0xa400,0x1001@0xa500,0x1020@0xa500,0x1040@0xa500,0x1060@0xa500,0x1100@0x97c0,0x1120@0x97c0,0x1140@0x97c0,0x1160@0x97c0,0x1200@0x9f00,0x1202@0x9f00,0x1220@0x9f00,0x1240@0x9f00,0x1260@0x9f00,0x1270@0x9f00
queue_create	0xc0408121	3bc0d059acabb628	141	0x0400,0x0400,0x0403,0x0403,0x0450,0x0450,0x0451,0x0451	0x0400@0x8790,0x0400@0x89d0,0x0403@0x8790,0x0403@0x89d0,0x0450@0x8950,0x0450@0x8b90,0x0451@0x8950,0x0451@0x8b90
queue_create	0xc0408121	5cb3f3ccf5ea025f	140	0x0900,0x0905,0x0920,0x0940,0x0960,0x1001,0x1020,0x1040,0x1060	0x0900@0x93a0,0x0905@0x93a0,0x0920@0x93a0,0x0940@0x93a0,0x0960@0x93a0,0x1001@0x94a0,0x1020@0x94a0,0x1040@0x94a0,0x1060@0x94a0
queue_create	0xc0408121	6e2d48e799d61002	149	0x1100,0x1100,0x1120,0x1120,0x1140,0x1140,0x1160,0x1160,0x1200,0x1200,0x1202,0x1202,0x1220,0x1220,0x1240,0x1240,0x1260,0x1260,0x1270,0x1270	0x1100@0x8960,0x1100@0x8bb0,0x1120@0x8960,0x1120@0x8bb0,0x1140@0x8960,0x1140@0x8bb0,0x1160@0x8960,0x1160@0x8bb0,0x1200@0x90a0,0x1200@0x92f0,0x1202@0x90a0,0x1202@0x92f0,0x1220@0x90a0,0x1220@0x92f0,0x1240@0x90a0,0x1240@0x92f0,0x1260@0x90a0,0x1260@0x92f0,0x1270@0x90a0,0x1270@0x92f0
queue_create	0xc0408121	826a0644c825408c	147	0x1100,0x1120,0x1140,0x1160,0x1200,0x1202,0x1220,0x1240,0x1260,0x1270	0x1100@0x8710,0x1120@0x8710,0x1140@0x8710,0x1160@0x8710,0x1200@0x8e50,0x1202@0x8e50,0x1220@0x8e50,0x1240@0x8e50,0x1260@0x8e50,0x1270@0x8e50
queue_create	0xc0408121	8bb3f4d0caced5e0	133	0x0320,0x0320	0x0320@0x7f90,0x0320@0x81a0
queue_create	0xc0408121	b6aea5afdf418c0c	142	0x0900,0x0900,0x0905,0x0905,0x0920,0x0920,0x0940,0x0940,0x0960,0x0960,0x1001,0x1001,0x1020,0x1020,0x1040,0x1040,0x1060,0x1060	0x0900@0x95e0,0x0900@0x9820,0x0905@0x95e0,0x0905@0x9820,0x0920@0x95e0,0x0920@0x9820,0x0940@0x95e0,0x0940@0x9820,0x0960@0x95e0,0x0960@0x9820,0x1001@0x96e0,0x1001@0x9920,0x1020@0x96e0,0x1020@0x9920,0x1040@0x96e0,0x1040@0x9920,0x1060@0x96e0,0x1060@0x9920
queue_create	0xc0408121	c81a1324fa8f2698	141	0x0600,0x0600,0x0602,0x0602,0x0650,0x0650,0x0701,0x0701,0x0720,0x0720,0x0740,0x0740,0x0760,0x0760,0x0761,0x0761	0x0600@0x90e0,0x0600@0x9320,0x0602@0x90e0,0x0602@0x9320,0x0650@0x90e0,0x0650@0x9320,0x0701@0x9110,0x0701@0x9350,0x0720@0x9110,0x0720@0x9350,0x0740@0x9110,0x0740@0x9350,0x0760@0x9110,0x0760@0x9350,0x0761@0x9110,0x0761@0x9350
queue_create	0xc0408121	d6a115026ad8e9f9	141	0x0502,0x0502,0x0510,0x0510,0x0550,0x0550	0x0502@0x8b40,0x0502@0x8d80,0x0510@0x8b40,0x0510@0x8d80,0x0550@0x8b40,0x0550@0x8d80
queue_create	0xc0408121	d88dbe5945d7885d	139	0x0600,0x0602,0x0650,0x0701,0x0720,0x0740,0x0760,0x0761	0x0600@0x8ea0,0x0602@0x8ea0,0x0650@0x8ea0,0x0701@0x8ed0,0x0720@0x8ed0,0x0740@0x8ed0,0x0760@0x8ed0,0x0761@0x8ed0
queue_create	0xc0408121	df6ccd3fafc2ae84	141	0x0800,0x0800,0x0820,0x0820,0x0840,0x0840,0x0860,0x0860	0x0800@0x9330,0x0800@0x9560,0x0820@0x9330,0x0820@0x9560,0x0840@0x9330,0x0840@0x9560,0x0860@0x9330,0x0860@0x9560
queue_create	0xc0408121	e4bcbb9565083fe6	139	0x0502,0x0510,0x0550	0x0502@0x8900,0x0510@0x8900,0x0550@0x8900
queue_create	0xc0408121	ec1deffc23e14c53	131	0x0320	0x0320@0x7d70
queue_create	0xc0408121	f402e33e9ec8a1d3	139	0x0800,0x0820,0x0840,0x0860	0x0800@0x9100,0x0820@0x9100,0x0840@0x9100,0x0860@0x9100
queue_create	0xc0408121	fe3c40a9bfbd934d	139	0x0400,0x0403,0x0450,0x0451	0x0400@0x8550,0x0403@0x8550,0x0450@0x8710,0x0451@0x8710
async_graphics	0x80048126	1ea1a2f5ce363a2e	26	0x0320,0x0400,0x0403,0x0450,0x0451,0x0502,0x0510,0x0550,0x0600,0x0602,0x0650,0x0701,0x0720,0x0740,0x0760,0x0761,0x0800,0x0820,0x0840,0x0860	0x0320@0x94b0,0x0400@0x9d10,0x0403@0x9d10,0x0450@0x9ed0,0x0451@0x9ed0,0x0502@0xa110,0x0510@0xa110,0x0550@0xa110,0x0600@0xa770,0x0602@0xa770,0x0650@0xa770,0x0701@0xa7a0,0x0720@0xa7a0,0x0740@0xa7a0,0x0760@0xa7a0,0x0761@0xa7a0,0x0800@0xa9b0,0x0820@0xa9b0,0x0840@0xa9b0,0x0860@0xa9b0
async_graphics	0x80048126	20486dc1de6da935	26	0x0900,0x0905,0x0920,0x0940,0x0960,0x1001,0x1020,0x1040,0x1060,0x1100,0x1120,0x1140,0x1160,0x1200,0x1202,0x1220,0x1240,0x1260,0x1270	0x0900@0xad10,0x0905@0xad10,0x0920@0xad10,0x0940@0xad10,0x0960@0xad10,0x1001@0xae30,0x1020@0xae30,0x1040@0xae30,0x1060@0xae30,0x1100@0xa0e0,0x1120@0xa0e0,0x1140@0xa0e0,0x1160@0xa0e0,0x1200@0xaa00,0x1202@0xaa00,0x1220@0xaa00,0x1240@0xaa00,0x1260@0xaa00,0x1270@0xaa00
queue_status_internal	0x80048127	212931230c60d245	26	0x0320,0x0400,0x0403,0x0450,0x0451,0x0502,0x0510,0x0550,0x0600,0x0602,0x0650,0x0701,0x0720,0x0740,0x0760,0x0761,0x0800,0x0820,0x0840,0x0860	0x0320@0x9500,0x0400@0x9d60,0x0403@0x9d60,0x0450@0x9f20,0x0451@0x9f20,0x0502@0xa160,0x0510@0xa160,0x0550@0xa160,0x0600@0xa7c0,0x0602@0xa7c0,0x0650@0xa7c0,0x0701@0xa7f0,0x0720@0xa7f0,0x0740@0xa7f0,0x0760@0xa7f0,0x0761@0xa7f0,0x0800@0xaa00,0x0820@0xaa00,0x0840@0xaa00,0x0860@0xaa00
queue_status_internal	0x80048127	404cb99b50672302	26	0x0900,0x0905,0x0920,0x0940,0x0960,0x1001,0x1020,0x1040,0x1060,0x1100,0x1120,0x1140,0x1160,0x1200,0x1202,0x1220,0x1240,0x1260,0x1270	0x0900@0xad60,0x0905@0xad60,0x0920@0xad60,0x0940@0xad60,0x0960@0xad60,0x1001@0xae80,0x1020@0xae80,0x1040@0xae80,0x1060@0xae80,0x1100@0xa130,0x1120@0xa130,0x1140@0xa130,0x1160@0xa130,0x1200@0xaa50,0x1202@0xaa50,0x1220@0xaa50,0x1240@0xaa50,0x1260@0xaa50,0x1270@0xaa50
tf_public	0x80108128	327cf239b54f1762	33	0x1100,0x1120,0x1140,0x1160	0x1100@0x8fd0,0x1120@0x8fd0,0x1140@0x8fd0,0x1160@0x8fd0
tf_public	0x80108128	93b50989c7eecd77	34	0x1200,0x1202,0x1220,0x1240,0x1260,0x1270	0x1200@0x9710,0x1202@0x9710,0x1220@0x9710,0x1240@0x9710,0x1260@0x9710,0x1270@0x9710
tf_public	0x80108128	b58a53604509260d	31	0x0320,0x0400,0x0403,0x0450,0x0451,0x0502,0x0510,0x0550,0x0600,0x0602,0x0650,0x0701,0x0720,0x0740,0x0760,0x0761,0x0800,0x0820,0x0840,0x0860,0x0900,0x0905,0x0920,0x0940,0x0960,0x1001,0x1020,0x1040,0x1060	0x0320@0x8570,0x0400@0x8dd0,0x0403@0x8dd0,0x0450@0x8f90,0x0451@0x8f90,0x0502@0x9180,0x0510@0x9180,0x0550@0x9180,0x0600@0x9720,0x0602@0x9720,0x0650@0x9720,0x0701@0x9750,0x0720@0x9750,0x0740@0x9750,0x0760@0x9750,0x0761@0x9750,0x0800@0x9950,0x0820@0x9950,0x0840@0x9950,0x0860@0x9950,0x0900@0x9c20,0x0905@0x9c20,0x0920@0x9c20,0x0940@0x9c20,0x0960@0x9c20,0x1001@0x9d20,0x1020@0x9d20,0x1040@0x9d20,0x1060@0x9d20
hs_offchip	0xc010812c	8c5cb9e6c0bb72d5	28	0x1200,0x1202,0x1220,0x1240,0x1260,0x1270	0x1200@0x9f60,0x1202@0x9f60,0x1220@0x9f60,0x1240@0x9f60,0x1260@0x9f60,0x1270@0x9f60
hs_offchip	0xc010812c	f0ac41b6175af20d	27	0x0320,0x0400,0x0403,0x0450,0x0451,0x0502,0x0510,0x0550,0x0600,0x0602,0x0650,0x0701,0x0720,0x0740,0x0760,0x0761,0x0800,0x0820,0x0840,0x0860,0x0900,0x0905,0x0920,0x0940,0x0960,0x1001,0x1020,0x1040,0x1060,0x1100,0x1120,0x1140,0x1160	0x0320@0x8db0,0x0400@0x9610,0x0403@0x9610,0x0450@0x97d0,0x0451@0x97d0,0x0502@0x99c0,0x0510@0x99c0,0x0550@0x99c0,0x0600@0x9f60,0x0602@0x9f60,0x0650@0x9f60,0x0701@0x9f90,0x0720@0x9f90,0x0740@0x9f90,0x0760@0x9f90,0x0761@0x9f90,0x0800@0xa190,0x0820@0xa190,0x0840@0xa190,0x0860@0xa190,0x0900@0xa460,0x0905@0xa460,0x0920@0xa460,0x0940@0xa460,0x0960@0xa460,0x1001@0xa560,0x1020@0xa560,0x1040@0xa560,0x1060@0xa560,0x1100@0x9820,0x1120@0x9820,0x1140@0x9820,0x1160@0x9820
suspend_final	0xc0108139	5dbe69c5726def23	44	0x0900,0x0905,0x0920,0x0940,0x0960,0x1001,0x1020,0x1040,0x1060,0x1100,0x1120,0x1140,0x1160,0x1200,0x1202,0x1220,0x1240,0x1260,0x1270	0x0900@0xac80,0x0905@0xac80,0x0920@0xac80,0x0940@0xac80,0x0960@0xac80,0x1001@0xada0,0x1020@0xada0,0x1040@0xada0,0x1060@0xada0,0x1100@0xa050,0x1120@0xa050,0x1140@0xa050,0x1160@0xa050,0x1200@0xa970,0x1202@0xa970,0x1220@0xa970,0x1240@0xa970,0x1260@0xa970,0x1270@0xa970
suspend_final	0xc0108139	86befa36b5ad490f	43	0x0320,0x0400,0x0403,0x0450,0x0451,0x0502,0x0510,0x0550,0x0600,0x0602,0x0650,0x0701,0x0720,0x0740,0x0760,0x0761	0x0320@0x9430,0x0400@0x9c90,0x0403@0x9c90,0x0450@0x9e50,0x0451@0x9e50,0x0502@0xa090,0x0510@0xa090,0x0550@0xa090,0x0600@0xa6f0,0x0602@0xa6f0,0x0650@0xa6f0,0x0701@0xa720,0x0720@0xa720,0x0740@0xa720,0x0760@0xa720,0x0761@0xa720
suspend_final	0xc0108139	fb6e383a7793e8a1	43	0x0800,0x0820,0x0840,0x0860,0x0900,0x0905,0x0920,0x0940,0x0960,0x1001,0x1020,0x1040,0x1060,0x1100,0x1120,0x1140,0x1160,0x1200,0x1202,0x1220,0x1240,0x1260,0x1270	0x0800@0xa920,0x0820@0xa920,0x0840@0xa920,0x0860@0xa920,0x0900@0xabf0,0x0905@0xabf0,0x0920@0xabf0,0x0940@0xabf0,0x0960@0xabf0,0x1001@0xad10,0x1020@0xad10,0x1040@0xad10,0x1060@0xad10,0x1100@0x9fc0,0x1120@0x9fc0,0x1140@0x9fc0,0x1160@0x9fc0,0x1200@0xa8e0,0x1202@0xa8e0,0x1220@0xa8e0,0x1240@0xa8e0,0x1260@0xa8e0,0x1270@0xa8e0
