# operation	fingerprint	size_bytes	firmware_abi_keys	nids
sceAgcDriverSubmitDcb	180c1c5c0a9bb373	15	0x0320,0x0400,0x0403,0x0450,0x0451,0x0502,0x0510,0x0550,0x0600,0x0602,0x0650,0x0701,0x0720,0x0740,0x0760,0x0761,0x0800,0x0820,0x0840,0x0860,0x0900,0x0905,0x0920,0x0940,0x0960,0x1001,0x1020,0x1040,0x1060,0x1100,0x1120,0x1140,0x1160,0x1200,0x1202,0x1220,0x1240,0x1260,0x1270	UglJIZjGssM
sceAgcDriverSubmitAcb	27face3c9873f9c4	77	0x0320,0x0400,0x0403	gSRnr79F8tQ
sceAgcDriverSubmitAcb	4ffb5065de6839c0	51	0x1100,0x1120,0x1140,0x1160,0x1200,0x1202,0x1220,0x1240,0x1260,0x1270	gSRnr79F8tQ
sceAgcDriverSubmitAcb	fcb22c74cb8249e8	67	0x0450,0x0451,0x0502,0x0510,0x0550,0x0600,0x0602,0x0650,0x0701,0x0720,0x0740,0x0760,0x0761,0x0800,0x0820,0x0840,0x0860,0x0900,0x0905,0x0920,0x0940,0x0960,0x1001,0x1020,0x1040,0x1060	gSRnr79F8tQ
sceAgcDriverSubmitMultiDcbs	d4448a67f408c50d	20	0x0320,0x0400,0x0403,0x0450,0x0451,0x0502,0x0510,0x0550,0x0600,0x0602,0x0650,0x0701,0x0720,0x0740,0x0760,0x0761,0x0800,0x0820,0x0840,0x0860,0x0900,0x0905,0x0920,0x0940,0x0960,0x1001,0x1020,0x1040,0x1060,0x1100,0x1120,0x1140,0x1160,0x1200,0x1202,0x1220,0x1240,0x1260,0x1270	6UzEidRZwkg
sceAgcDriverSuspendPointSubmitDirect	20da0cc1056cbc4d	39	0x0320,0x0400,0x0403,0x0450,0x0451,0x0502,0x0510,0x0550,0x0600,0x0602,0x0650,0x0701,0x0720,0x0740,0x0760,0x0761,0x0800,0x0820,0x0840,0x0860,0x0900,0x0905,0x0920,0x0940,0x0960,0x1001,0x1020,0x1040,0x1060,0x1100,0x1120,0x1140,0x1160,0x1200,0x1202,0x1220,0x1240,0x1260,0x1270	ZV04pRl7cWU
sceAgcDriverIsSuspendPointInFlightDirect	20da0cc1056cbc4d	39	0x0320,0x0400,0x0403,0x0450,0x0451,0x0502,0x0510,0x0550,0x0600,0x0602,0x0650,0x0701,0x0720,0x0740,0x0760,0x0761,0x0800,0x0820,0x0840,0x0860,0x0900,0x0905,0x0920,0x0940,0x0960,0x1001,0x1020,0x1040,0x1060,0x1100,0x1120,0x1140,0x1160,0x1200,0x1202,0x1220,0x1240,0x1260,0x1270	I6elAJxk6Jo
sceAgcDriverSetWorkloadsActive	3cd1d5d098cb8c5c	345	0x0600,0x0602,0x0650,0x0701,0x0720,0x0740,0x0760,0x0761	UM9b9NunSrE
sceAgcDriverSetWorkloadsActive	5490b6a6f629b85a	338	0x1100,0x1120,0x1140,0x1160,0x1200,0x1202,0x1220,0x1240,0x1260,0x1270	UM9b9NunSrE
sceAgcDriverSetWorkloadsActive	8281259575279abb	338	0x0800,0x0820,0x0840,0x0860,0x0900,0x0905,0x0920,0x0940,0x0960	UM9b9NunSrE
sceAgcDriverSetWorkloadsActive	85390b24a8090c14	338	0x1001,0x1020,0x1040,0x1060	UM9b9NunSrE
sceAgcDriverSetWorkloadsActive	989dddf88afd947a	345	0x0400,0x0403,0x0450,0x0451	UM9b9NunSrE
sceAgcDriverSetWorkloadsActive	c6b2dba27666a726	369	0x0320	UM9b9NunSrE
sceAgcDriverSetWorkloadsActive	f57145a361868c73	361	0x0502,0x0510,0x0550	UM9b9NunSrE
sceAgcDriverSetWorkloadComplete	999c04404755279a	248	0x0320,0x0400,0x0403,0x0450,0x0451,0x0502,0x0510,0x0550	i6bfTi13ApA
sceAgcDriverSetWorkloadComplete	d56c10c815f1316c	248	0x0600,0x0602,0x0650,0x0701,0x0720,0x0740,0x0760,0x0761,0x0800,0x0820,0x0840,0x0860,0x0900,0x0905,0x0920,0x0940,0x0960	i6bfTi13ApA
sceAgcDriverSetWorkloadComplete	d7a52448ef682e14	244	0x1001,0x1020,0x1040,0x1060,0x1100,0x1120,0x1140,0x1160,0x1200,0x1202,0x1220,0x1240,0x1260,0x1270	i6bfTi13ApA
sceAgcDriverSetTFRing	0d99a580013e2a26	73	0x0600,0x0602,0x0650,0x0701,0x0720,0x0740,0x0760,0x0761,0x0800,0x0820,0x0840,0x0860,0x0900,0x0905,0x0920,0x0940,0x0960,0x1001,0x1020,0x1040,0x1060	XlNp7jzGiPo
sceAgcDriverSetTFRing	2f0917c4d9ce4da6	73	0x1100,0x1120,0x1140,0x1160,0x1200,0x1202,0x1220,0x1240,0x1260,0x1270	XlNp7jzGiPo
sceAgcDriverSetTFRing	94952cb372290835	75	0x0502,0x0510,0x0550	XlNp7jzGiPo
sceAgcDriverSetTFRing	b7acd9132a820dab	75	0x0320,0x0400,0x0403,0x0450,0x0451	XlNp7jzGiPo
sceAgcDriverSetTFRingDirect	20da0cc1056cbc4d	39	0x0320,0x0400,0x0403,0x0450,0x0451,0x0502,0x0510,0x0550,0x0600,0x0602,0x0650,0x0701,0x0720,0x0740,0x0760,0x0761,0x0800,0x0820,0x0840,0x0860,0x0900,0x0905,0x0920,0x0940,0x0960,0x1001,0x1020,0x1040,0x1060,0x1100,0x1120,0x1140,0x1160,0x1200,0x1202,0x1220,0x1240,0x1260,0x1270	16IjQxB-Heo
sceAgcDriverSetHsOffchipParam	1e8518a95eab5bf0	27	0x0502,0x0510,0x0550	MM4IZSEYytQ
sceAgcDriverSetHsOffchipParam	98bcb03025d55927	27	0x1100,0x1120,0x1140,0x1160,0x1200,0x1202,0x1220,0x1240,0x1260,0x1270	MM4IZSEYytQ
sceAgcDriverSetHsOffchipParam	a5857f9952c48bf4	27	0x0600,0x0602,0x0650,0x0701,0x0720,0x0740,0x0760,0x0761,0x0800,0x0820,0x0840,0x0860,0x0900,0x0905,0x0920,0x0940,0x0960,0x1001,0x1020,0x1040,0x1060	MM4IZSEYytQ
sceAgcDriverSetHsOffchipParam	c729f6298d92152e	27	0x0320,0x0400,0x0403,0x0450,0x0451	MM4IZSEYytQ
sceAgcDriverSetHsOffchipParamDirect	20da0cc1056cbc4d	39	0x0320,0x0400,0x0403,0x0450,0x0451,0x0502,0x0510,0x0550,0x0600,0x0602,0x0650,0x0701,0x0720,0x0740,0x0760,0x0761,0x0800,0x0820,0x0840,0x0860,0x0900,0x0905,0x0920,0x0940,0x0960,0x1001,0x1020,0x1040,0x1060,0x1100,0x1120,0x1140,0x1160,0x1200,0x1202,0x1220,0x1240,0x1260,0x1270	DPcAnsOlTQs
sceAgcDriverNotifyDefaultStates	4152a75594d90347	1159	0x0502,0x0510,0x0550	nR6xhiFsOoc
sceAgcDriverNotifyDefaultStates	4785afe7a0828a8e	1215	0x0701,0x0720,0x0740,0x0760,0x0761	nR6xhiFsOoc
sceAgcDriverNotifyDefaultStates	4be9bbbf1bbc3047	1232	0x0800,0x0820,0x0840,0x0860,0x0900,0x0905,0x0920,0x0940,0x0960	nR6xhiFsOoc
sceAgcDriverNotifyDefaultStates	60022b47dd359a11	1159	0x0600,0x0602,0x0650	nR6xhiFsOoc
sceAgcDriverNotifyDefaultStates	a60de44cf4c4bfa3	1159	0x0320,0x0400,0x0403,0x0450,0x0451	nR6xhiFsOoc
sceAgcDriverNotifyDefaultStates	c1a6d738f96ddf96	1225	0x1001,0x1020,0x1040,0x1060,0x1100,0x1120,0x1140,0x1160,0x1200,0x1202,0x1220,0x1240,0x1260,0x1270	nR6xhiFsOoc
sceAgcDriverSetupAsyncGraphics	27ece32ac8e0bc1e	153	0x0800,0x0820,0x0840,0x0860,0x0900,0x0905,0x0920,0x0940,0x0960	Vlaj1gwmIFA
sceAgcDriverSetupAsyncGraphics	336608d9c69e998f	145	0x1100,0x1120,0x1140,0x1160,0x1200,0x1202,0x1220,0x1240,0x1260,0x1270	Vlaj1gwmIFA
sceAgcDriverSetupAsyncGraphics	4e5fc1128ca7bd15	154	0x0600,0x0602,0x0650,0x0701,0x0720,0x0740,0x0760,0x0761	Vlaj1gwmIFA
sceAgcDriverSetupAsyncGraphics	7a487daaa13d6b17	146	0x1001,0x1020,0x1040,0x1060	Vlaj1gwmIFA
sceAgcDriverSetupAsyncGraphics	7c392b5734a73d3e	185	0x0320	Vlaj1gwmIFA
sceAgcDriverSetupAsyncGraphics	905547b854cf9bbb	177	0x0400,0x0403,0x0450,0x0451	Vlaj1gwmIFA
sceAgcDriverSetupAsyncGraphics	da6cc326f26104c7	161	0x0502,0x0510,0x0550	Vlaj1gwmIFA
