# firmware_abi_key	sprx_relative_path	tf_carrier_fingerprint	tf_instructions	tf_command	tf_address_field	tf_size_field	tf_reserved_field	tf_validation	hs_carrier_fingerprint	hs_instructions	hs_command	hs_list_field	hs_count_field	hs_reserved_field	tf_direct_fingerprint	hs_direct_fingerprint	direct_export_status	qualification
0x0320	3.20/system/common/lib/libSceAgcDriver.sprx	b58a53604509260d	31	0x80108128	u64@0	u32@8	u32@0xc:unspecified-by-Sony-wrapper	address-0x100,size-4	f0ac41b6175af20d	27	0xc010812c	u64@0	u32@8	u32@0xc:unspecified-by-Sony-wrapper	20da0cc1056cbc4d	20da0cc1056cbc4d	permission-stub-0x8a6d0001	RE-exact-hardware-pending
0x0400	4.00/system/common/lib/libSceAgcDriver.sprx	b58a53604509260d	31	0x80108128	u64@0	u32@8	u32@0xc:unspecified-by-Sony-wrapper	address-0x100,size-4	f0ac41b6175af20d	27	0xc010812c	u64@0	u32@8	u32@0xc:unspecified-by-Sony-wrapper	20da0cc1056cbc4d	20da0cc1056cbc4d	permission-stub-0x8a6d0001	RE-exact-hardware-pending
0x0403	4.03/system/common/lib/libSceAgcDriver.sprx	b58a53604509260d	31	0x80108128	u64@0	u32@8	u32@0xc:unspecified-by-Sony-wrapper	address-0x100,size-4	f0ac41b6175af20d	27	0xc010812c	u64@0	u32@8	u32@0xc:unspecified-by-Sony-wrapper	20da0cc1056cbc4d	20da0cc1056cbc4d	permission-stub-0x8a6d0001	RE-exact-hardware-pending
0x0450	4.50/system/common/lib/libSceAgcDriver.sprx	b58a53604509260d	31	0x80108128	u64@0	u32@8	u32@0xc:unspecified-by-Sony-wrapper	address-0x100,size-4	f0ac41b6175af20d	27	0xc010812c	u64@0	u32@8	u32@0xc:unspecified-by-Sony-wrapper	20da0cc1056cbc4d	20da0cc1056cbc4d	permission-stub-0x8a6d0001	RE-exact-hardware-pending
0x0451	4.51/system/common/lib/libSceAgcDriver.sprx	b58a53604509260d	31	0x80108128	u64@0	u32@8	u32@0xc:unspecified-by-Sony-wrapper	address-0x100,size-4	f0ac41b6175af20d	27	0xc010812c	u64@0	u32@8	u32@0xc:unspecified-by-Sony-wrapper	20da0cc1056cbc4d	20da0cc1056cbc4d	permission-stub-0x8a6d0001	RE-exact-hardware-pending
0x0502	5.02/system/common/lib/libSceAgcDriver.sprx	b58a53604509260d	31	0x80108128	u64@0	u32@8	u32@0xc:unspecified-by-Sony-wrapper	address-0x100,size-4	f0ac41b6175af20d	27	0xc010812c	u64@0	u32@8	u32@0xc:unspecified-by-Sony-wrapper	20da0cc1056cbc4d	20da0cc1056cbc4d	permission-stub-0x8a6d0001	RE-exact-hardware-pending
0x0510	5.10/system/common/lib/libSceAgcDriver.sprx	b58a53604509260d	31	0x80108128	u64@0	u32@8	u32@0xc:unspecified-by-Sony-wrapper	address-0x100,size-4	f0ac41b6175af20d	27	0xc010812c	u64@0	u32@8	u32@0xc:unspecified-by-Sony-wrapper	20da0cc1056cbc4d	20da0cc1056cbc4d	permission-stub-0x8a6d0001	RE-exact-hardware-pending
0x0550	5.50/system/common/lib/libSceAgcDriver.sprx	b58a53604509260d	31	0x80108128	u64@0	u32@8	u32@0xc:unspecified-by-Sony-wrapper	address-0x100,size-4	f0ac41b6175af20d	27	0xc010812c	u64@0	u32@8	u32@0xc:unspecified-by-Sony-wrapper	20da0cc1056cbc4d	20da0cc1056cbc4d	permission-stub-0x8a6d0001	hardware-qualified
0x0600	6.00/system/common/lib/libSceAgcDriver.sprx	b58a53604509260d	31	0x80108128	u64@0	u32@8	u32@0xc:unspecified-by-Sony-wrapper	address-0x100,size-4	f0ac41b6175af20d	27	0xc010812c	u64@0	u32@8	u32@0xc:unspecified-by-Sony-wrapper	20da0cc1056cbc4d	20da0cc1056cbc4d	permission-stub-0x8a6d0001	RE-exact-hardware-pending
0x0602	6.02/system/common/lib/libSceAgcDriver.sprx	b58a53604509260d	31	0x80108128	u64@0	u32@8	u32@0xc:unspecified-by-Sony-wrapper	address-0x100,size-4	f0ac41b6175af20d	27	0xc010812c	u64@0	u32@8	u32@0xc:unspecified-by-Sony-wrapper	20da0cc1056cbc4d	20da0cc1056cbc4d	permission-stub-0x8a6d0001	RE-exact-hardware-pending
0x0650	6.50/system/common/lib/libSceAgcDriver.sprx	b58a53604509260d	31	0x80108128	u64@0	u32@8	u32@0xc:unspecified-by-Sony-wrapper	address-0x100,size-4	f0ac41b6175af20d	27	0xc010812c	u64@0	u32@8	u32@0xc:unspecified-by-Sony-wrapper	20da0cc1056cbc4d	20da0cc1056cbc4d	permission-stub-0x8a6d0001	RE-exact-hardware-pending
0x0701	7.01/system/common/lib/libSceAgcDriver.sprx	b58a53604509260d	31	0x80108128	u64@0	u32@8	u32@0xc:unspecified-by-Sony-wrapper	address-0x100,size-4	f0ac41b6175af20d	27	0xc010812c	u64@0	u32@8	u32@0xc:unspecified-by-Sony-wrapper	20da0cc1056cbc4d	20da0cc1056cbc4d	permission-stub-0x8a6d0001	RE-exact-hardware-pending
0x0720	7.20/system/common/lib/libSceAgcDriver.sprx	b58a53604509260d	31	0x80108128	u64@0	u32@8	u32@0xc:unspecified-by-Sony-wrapper	address-0x100,size-4	f0ac41b6175af20d	27	0xc010812c	u64@0	u32@8	u32@0xc:unspecified-by-Sony-wrapper	20da0cc1056cbc4d	20da0cc1056cbc4d	permission-stub-0x8a6d0001	RE-exact-hardware-pending
0x0740	7.40/system/common/lib/libSceAgcDriver.sprx	b58a53604509260d	31	0x80108128	u64@0	u32@8	u32@0xc:unspecified-by-Sony-wrapper	address-0x100,size-4	f0ac41b6175af20d	27	0xc010812c	u64@0	u32@8	u32@0xc:unspecified-by-Sony-wrapper	20da0cc1056cbc4d	20da0cc1056cbc4d	permission-stub-0x8a6d0001	RE-exact-hardware-pending
0x0760	7.60/system/common/lib/libSceAgcDriver.sprx	b58a53604509260d	31	0x80108128	u64@0	u32@8	u32@0xc:unspecified-by-Sony-wrapper	address-0x100,size-4	f0ac41b6175af20d	27	0xc010812c	u64@0	u32@8	u32@0xc:unspecified-by-Sony-wrapper	20da0cc1056cbc4d	20da0cc1056cbc4d	permission-stub-0x8a6d0001	RE-exact-hardware-pending
0x0761	7.61/system/common/lib/libSceAgcDriver.sprx	b58a53604509260d	31	0x80108128	u64@0	u32@8	u32@0xc:unspecified-by-Sony-wrapper	address-0x100,size-4	f0ac41b6175af20d	27	0xc010812c	u64@0	u32@8	u32@0xc:unspecified-by-Sony-wrapper	20da0cc1056cbc4d	20da0cc1056cbc4d	permission-stub-0x8a6d0001	RE-exact-hardware-pending
0x0800	8.00/lib/libSceAgcDriver.sprx	b58a53604509260d	31	0x80108128	u64@0	u32@8	u32@0xc:unspecified-by-Sony-wrapper	address-0x100,size-4	f0ac41b6175af20d	27	0xc010812c	u64@0	u32@8	u32@0xc:unspecified-by-Sony-wrapper	20da0cc1056cbc4d	20da0cc1056cbc4d	permission-stub-0x8a6d0001	RE-exact-hardware-pending
0x0820	8.20/system/common/lib/libSceAgcDriver.sprx	b58a53604509260d	31	0x80108128	u64@0	u32@8	u32@0xc:unspecified-by-Sony-wrapper	address-0x100,size-4	f0ac41b6175af20d	27	0xc010812c	u64@0	u32@8	u32@0xc:unspecified-by-Sony-wrapper	20da0cc1056cbc4d	20da0cc1056cbc4d	permission-stub-0x8a6d0001	RE-exact-hardware-pending
0x0840	8.40/system/common/lib/libSceAgcDriver.sprx	b58a53604509260d	31	0x80108128	u64@0	u32@8	u32@0xc:unspecified-by-Sony-wrapper	address-0x100,size-4	f0ac41b6175af20d	27	0xc010812c	u64@0	u32@8	u32@0xc:unspecified-by-Sony-wrapper	20da0cc1056cbc4d	20da0cc1056cbc4d	permission-stub-0x8a6d0001	RE-exact-hardware-pending
0x0860	8.60/system/common/lib/libSceAgcDriver.sprx	b58a53604509260d	31	0x80108128	u64@0	u32@8	u32@0xc:unspecified-by-Sony-wrapper	address-0x100,size-4	f0ac41b6175af20d	27	0xc010812c	u64@0	u32@8	u32@0xc:unspecified-by-Sony-wrapper	20da0cc1056cbc4d	20da0cc1056cbc4d	permission-stub-0x8a6d0001	RE-exact-hardware-pending
0x0900	9.00/system/common/lib/libSceAgcDriver.sprx	b58a53604509260d	31	0x80108128	u64@0	u32@8	u32@0xc:unspecified-by-Sony-wrapper	address-0x100,size-4	f0ac41b6175af20d	27	0xc010812c	u64@0	u32@8	u32@0xc:unspecified-by-Sony-wrapper	20da0cc1056cbc4d	20da0cc1056cbc4d	permission-stub-0x8a6d0001	RE-exact-hardware-pending
0x0905	9.05/system/common/lib/libSceAgcDriver.sprx	b58a53604509260d	31	0x80108128	u64@0	u32@8	u32@0xc:unspecified-by-Sony-wrapper	address-0x100,size-4	f0ac41b6175af20d	27	0xc010812c	u64@0	u32@8	u32@0xc:unspecified-by-Sony-wrapper	20da0cc1056cbc4d	20da0cc1056cbc4d	permission-stub-0x8a6d0001	RE-exact-hardware-pending
0x0920	9.20/lib/libSceAgcDriver.sprx	b58a53604509260d	31	0x80108128	u64@0	u32@8	u32@0xc:unspecified-by-Sony-wrapper	address-0x100,size-4	f0ac41b6175af20d	27	0xc010812c	u64@0	u32@8	u32@0xc:unspecified-by-Sony-wrapper	20da0cc1056cbc4d	20da0cc1056cbc4d	permission-stub-0x8a6d0001	RE-exact-hardware-pending
0x0940	9.40/system/common/lib/libSceAgcDriver.sprx	b58a53604509260d	31	0x80108128	u64@0	u32@8	u32@0xc:unspecified-by-Sony-wrapper	address-0x100,size-4	f0ac41b6175af20d	27	0xc010812c	u64@0	u32@8	u32@0xc:unspecified-by-Sony-wrapper	20da0cc1056cbc4d	20da0cc1056cbc4d	permission-stub-0x8a6d0001	RE-exact-hardware-pending
0x0960	9.60/system/common/lib/libSceAgcDriver.sprx	b58a53604509260d	31	0x80108128	u64@0	u32@8	u32@0xc:unspecified-by-Sony-wrapper	address-0x100,size-4	f0ac41b6175af20d	27	0xc010812c	u64@0	u32@8	u32@0xc:unspecified-by-Sony-wrapper	20da0cc1056cbc4d	20da0cc1056cbc4d	permission-stub-0x8a6d0001	RE-exact-hardware-pending
0x1001	10.01/system/common/lib/libSceAgcDriver.sprx	b58a53604509260d	31	0x80108128	u64@0	u32@8	u32@0xc:unspecified-by-Sony-wrapper	address-0x100,size-4	f0ac41b6175af20d	27	0xc010812c	u64@0	u32@8	u32@0xc:unspecified-by-Sony-wrapper	20da0cc1056cbc4d	20da0cc1056cbc4d	permission-stub-0x8a6d0001	RE-exact-hardware-pending
0x1020	10.20/system/common/lib/libSceAgcDriver.sprx	b58a53604509260d	31	0x80108128	u64@0	u32@8	u32@0xc:unspecified-by-Sony-wrapper	address-0x100,size-4	f0ac41b6175af20d	27	0xc010812c	u64@0	u32@8	u32@0xc:unspecified-by-Sony-wrapper	20da0cc1056cbc4d	20da0cc1056cbc4d	permission-stub-0x8a6d0001	RE-exact-hardware-pending
0x1040	10.40/system/common/lib/libSceAgcDriver.sprx	b58a53604509260d	31	0x80108128	u64@0	u32@8	u32@0xc:unspecified-by-Sony-wrapper	address-0x100,size-4	f0ac41b6175af20d	27	0xc010812c	u64@0	u32@8	u32@0xc:unspecified-by-Sony-wrapper	20da0cc1056cbc4d	20da0cc1056cbc4d	permission-stub-0x8a6d0001	RE-exact-hardware-pending
0x1060	10.60/system/common/lib/libSceAgcDriver.sprx	b58a53604509260d	31	0x80108128	u64@0	u32@8	u32@0xc:unspecified-by-Sony-wrapper	address-0x100,size-4	f0ac41b6175af20d	27	0xc010812c	u64@0	u32@8	u32@0xc:unspecified-by-Sony-wrapper	20da0cc1056cbc4d	20da0cc1056cbc4d	permission-stub-0x8a6d0001	RE-exact-hardware-pending
0x1100	11.00/system/common/lib/libSceAgcDriver.sprx	327cf239b54f1762	33	0x80108128	u64@0	u32@8	u32@0xc:unspecified-by-Sony-wrapper	address-0x100,size-4	f0ac41b6175af20d	27	0xc010812c	u64@0	u32@8	u32@0xc:unspecified-by-Sony-wrapper	20da0cc1056cbc4d	20da0cc1056cbc4d	permission-stub-0x8a6d0001	RE-exact-hardware-pending
0x1120	11.20/lib/libSceAgcDriver.sprx	327cf239b54f1762	33	0x80108128	u64@0	u32@8	u32@0xc:unspecified-by-Sony-wrapper	address-0x100,size-4	f0ac41b6175af20d	27	0xc010812c	u64@0	u32@8	u32@0xc:unspecified-by-Sony-wrapper	20da0cc1056cbc4d	20da0cc1056cbc4d	permission-stub-0x8a6d0001	RE-exact-hardware-pending
0x1140	11.40/system/common/lib/libSceAgcDriver.sprx	327cf239b54f1762	33	0x80108128	u64@0	u32@8	u32@0xc:unspecified-by-Sony-wrapper	address-0x100,size-4	f0ac41b6175af20d	27	0xc010812c	u64@0	u32@8	u32@0xc:unspecified-by-Sony-wrapper	20da0cc1056cbc4d	20da0cc1056cbc4d	permission-stub-0x8a6d0001	RE-exact-hardware-pending
0x1160	11.60/system/common/lib/libSceAgcDriver.sprx	327cf239b54f1762	33	0x80108128	u64@0	u32@8	u32@0xc:unspecified-by-Sony-wrapper	address-0x100,size-4	f0ac41b6175af20d	27	0xc010812c	u64@0	u32@8	u32@0xc:unspecified-by-Sony-wrapper	20da0cc1056cbc4d	20da0cc1056cbc4d	permission-stub-0x8a6d0001	RE-exact-hardware-pending
0x1200	12.00/system/common/lib/libSceAgcDriver.sprx	93b50989c7eecd77	34	0x80108128	u64@0	u32@8	u32@0xc:explicit-zero	address-0x100,size-4	8c5cb9e6c0bb72d5	28	0xc010812c	u64@0	u32@8	u32@0xc:explicit-zero	20da0cc1056cbc4d	20da0cc1056cbc4d	permission-stub-0x8a6d0001	RE-exact-hardware-pending
0x1202	12.02/system/common/lib/libSceAgcDriver.sprx	93b50989c7eecd77	34	0x80108128	u64@0	u32@8	u32@0xc:explicit-zero	address-0x100,size-4	8c5cb9e6c0bb72d5	28	0xc010812c	u64@0	u32@8	u32@0xc:explicit-zero	20da0cc1056cbc4d	20da0cc1056cbc4d	permission-stub-0x8a6d0001	RE-exact-hardware-pending
0x1220	12.20/system/common/lib/libSceAgcDriver.sprx	93b50989c7eecd77	34	0x80108128	u64@0	u32@8	u32@0xc:explicit-zero	address-0x100,size-4	8c5cb9e6c0bb72d5	28	0xc010812c	u64@0	u32@8	u32@0xc:explicit-zero	20da0cc1056cbc4d	20da0cc1056cbc4d	permission-stub-0x8a6d0001	RE-exact-hardware-pending
0x1240	12.40/PS5 Pro 12.40 Lib/lib/libSceAgcDriver.sprx	93b50989c7eecd77	34	0x80108128	u64@0	u32@8	u32@0xc:explicit-zero	address-0x100,size-4	8c5cb9e6c0bb72d5	28	0xc010812c	u64@0	u32@8	u32@0xc:explicit-zero	20da0cc1056cbc4d	20da0cc1056cbc4d	permission-stub-0x8a6d0001	RE-exact-hardware-pending
0x1260	12.60/lib/libSceAgcDriver.sprx	93b50989c7eecd77	34	0x80108128	u64@0	u32@8	u32@0xc:explicit-zero	address-0x100,size-4	8c5cb9e6c0bb72d5	28	0xc010812c	u64@0	u32@8	u32@0xc:explicit-zero	20da0cc1056cbc4d	20da0cc1056cbc4d	permission-stub-0x8a6d0001	RE-exact-hardware-pending
0x1270	12.70/system/common/lib/libSceAgcDriver.sprx	93b50989c7eecd77	34	0x80108128	u64@0	u32@8	u32@0xc:explicit-zero	address-0x100,size-4	8c5cb9e6c0bb72d5	28	0xc010812c	u64@0	u32@8	u32@0xc:explicit-zero	20da0cc1056cbc4d	20da0cc1056cbc4d	permission-stub-0x8a6d0001	RE-exact-hardware-pending
