# firmware_abi_key	carrier_fingerprint	call_count	callsites	plt_target	property_name	arg0	arg1	arg2_standard	arg2_trinity	arg3	arg4	property_nid	trinity_predicate	qualification
0x0320	90db1b74c6631bd3	2	0x731e,0x79d4	0xa060	Sce.Debug:Gnm	property_name	gpu_info_base	0x100000	-	0	0	-W4xI5aVI8w	-	exact-RE-no-direct-call
0x0400	90db1b74c6631bd3	2	0x7a4e,0x8144	0xa8f0	Sce.Debug:Gnm	property_name	gpu_info_base	0x100000	-	0	0	-W4xI5aVI8w	-	exact-RE-no-direct-call
0x0403	90db1b74c6631bd3	2	0x7a4e,0x8144	0xa8f0	Sce.Debug:Gnm	property_name	gpu_info_base	0x100000	-	0	0	-W4xI5aVI8w	-	exact-RE-no-direct-call
0x0450	90db1b74c6631bd3	2	0x7c0e,0x8304	0xaab0	Sce.Debug:Gnm	property_name	gpu_info_base	0x100000	-	0	0	-W4xI5aVI8w	-	exact-RE-no-direct-call
0x0451	90db1b74c6631bd3	2	0x7c0e,0x8304	0xaab0	Sce.Debug:Gnm	property_name	gpu_info_base	0x100000	-	0	0	-W4xI5aVI8w	-	exact-RE-no-direct-call
0x0502	90db1b74c6631bd3	2	0x7dee,0x84f4	0xadb0	Sce.Debug:Gnm	property_name	gpu_info_base	0x100000	-	0	0	-W4xI5aVI8w	-	exact-RE-no-direct-call
0x0510	90db1b74c6631bd3	2	0x7dee,0x84f4	0xadb0	Sce.Debug:Gnm	property_name	gpu_info_base	0x100000	-	0	0	-W4xI5aVI8w	-	exact-RE-no-direct-call
0x0550	90db1b74c6631bd3	2	0x7dee,0x84f4	0xadb0	Sce.Debug:Gnm	property_name	gpu_info_base	0x100000	-	0	0	-W4xI5aVI8w	-	exact-RE-no-direct-call
0x0600	90db1b74c6631bd3	2	0x830e,0x8a94	0xb4e0	Sce.Debug:Gnm	property_name	gpu_info_base	0x100000	-	0	0	-W4xI5aVI8w	-	exact-RE-no-direct-call
0x0602	90db1b74c6631bd3	2	0x830e,0x8a94	0xb4e0	Sce.Debug:Gnm	property_name	gpu_info_base	0x100000	-	0	0	-W4xI5aVI8w	-	exact-RE-no-direct-call
0x0650	90db1b74c6631bd3	2	0x830e,0x8a94	0xb4e0	Sce.Debug:Gnm	property_name	gpu_info_base	0x100000	-	0	0	-W4xI5aVI8w	-	exact-RE-no-direct-call
0x0701	90db1b74c6631bd3	2	0x833e,0x8ac4	0xb560	Sce.Debug:Gnm	property_name	gpu_info_base	0x100000	-	0	0	-W4xI5aVI8w	-	exact-RE-no-direct-call
0x0720	90db1b74c6631bd3	2	0x833e,0x8ac4	0xb560	Sce.Debug:Gnm	property_name	gpu_info_base	0x100000	-	0	0	-W4xI5aVI8w	-	exact-RE-no-direct-call
0x0740	90db1b74c6631bd3	2	0x833e,0x8ac4	0xb560	Sce.Debug:Gnm	property_name	gpu_info_base	0x100000	-	0	0	-W4xI5aVI8w	-	exact-RE-no-direct-call
0x0760	90db1b74c6631bd3	2	0x833e,0x8ac4	0xb560	Sce.Debug:Gnm	property_name	gpu_info_base	0x100000	-	0	0	-W4xI5aVI8w	-	exact-RE-no-direct-call
0x0761	90db1b74c6631bd3	2	0x833e,0x8ac4	0xb560	Sce.Debug:Gnm	property_name	gpu_info_base	0x100000	-	0	0	-W4xI5aVI8w	-	exact-RE-no-direct-call
0x0800	4e08184ad3715937	2	0x857f,0x8cf9	0xb770	Sce.Debug:Gnm	property_name	gpu_info_base	0x100000	-	0	0	-W4xI5aVI8w	-	exact-RE-no-direct-call
0x0820	4e08184ad3715937	2	0x857f,0x8cf9	0xb770	Sce.Debug:Gnm	property_name	gpu_info_base	0x100000	-	0	0	-W4xI5aVI8w	-	exact-RE-no-direct-call
0x0840	4e08184ad3715937	2	0x857f,0x8cf9	0xb770	Sce.Debug:Gnm	property_name	gpu_info_base	0x100000	-	0	0	-W4xI5aVI8w	-	exact-RE-no-direct-call
0x0860	4e08184ad3715937	2	0x857f,0x8cf9	0xb770	Sce.Debug:Gnm	property_name	gpu_info_base	0x100000	-	0	0	-W4xI5aVI8w	-	exact-RE-no-direct-call
0x0900	6c053c9efa43363c	2	0x8788,0x8f82	0xbb80	Sce.Debug:Gnm	property_name	gpu_info_base	0x100000	0x180000	0	0	-W4xI5aVI8w	yu17wG8L5FI	exact-RE-no-direct-call
0x0905	6c053c9efa43363c	2	0x8788,0x8f82	0xbb80	Sce.Debug:Gnm	property_name	gpu_info_base	0x100000	0x180000	0	0	-W4xI5aVI8w	yu17wG8L5FI	exact-RE-no-direct-call
0x0920	6c053c9efa43363c	2	0x8788,0x8f82	0xbb80	Sce.Debug:Gnm	property_name	gpu_info_base	0x100000	0x180000	0	0	-W4xI5aVI8w	yu17wG8L5FI	exact-RE-no-direct-call
0x0940	6c053c9efa43363c	2	0x8788,0x8f82	0xbb80	Sce.Debug:Gnm	property_name	gpu_info_base	0x100000	0x180000	0	0	-W4xI5aVI8w	yu17wG8L5FI	exact-RE-no-direct-call
0x0960	6c053c9efa43363c	2	0x8788,0x8f82	0xbb80	Sce.Debug:Gnm	property_name	gpu_info_base	0x100000	0x180000	0	0	-W4xI5aVI8w	yu17wG8L5FI	exact-RE-no-direct-call
0x1001	f764f4134d1b7b1f	2	0x8888,0x9082	0xbcb0	Sce.Debug:Gnm	property_name	gpu_info_base	0x100000	0x180000	0	0	-W4xI5aVI8w	yu17wG8L5FI	exact-RE-no-direct-call
0x1020	f764f4134d1b7b1f	2	0x8888,0x9082	0xbcb0	Sce.Debug:Gnm	property_name	gpu_info_base	0x100000	0x180000	0	0	-W4xI5aVI8w	yu17wG8L5FI	exact-RE-no-direct-call
0x1040	f764f4134d1b7b1f	2	0x8888,0x9082	0xbcb0	Sce.Debug:Gnm	property_name	gpu_info_base	0x100000	0x180000	0	0	-W4xI5aVI8w	yu17wG8L5FI	exact-RE-no-direct-call
0x1060	f764f4134d1b7b1f	2	0x8888,0x9082	0xbcb0	Sce.Debug:Gnm	property_name	gpu_info_base	0x100000	0x180000	0	0	-W4xI5aVI8w	yu17wG8L5FI	exact-RE-no-direct-call
0x1100	f764f4134d1b7b1f	2	0x7af8,0x82f2	0xaf50	Sce.Debug:Gnm	property_name	gpu_info_base	0x100000	0x180000	0	0	-W4xI5aVI8w	yu17wG8L5FI	exact-RE-no-direct-call
0x1120	f764f4134d1b7b1f	2	0x7af8,0x82f2	0xaf50	Sce.Debug:Gnm	property_name	gpu_info_base	0x100000	0x180000	0	0	-W4xI5aVI8w	yu17wG8L5FI	exact-RE-no-direct-call
0x1140	f764f4134d1b7b1f	2	0x7af8,0x82f2	0xaf50	Sce.Debug:Gnm	property_name	gpu_info_base	0x100000	0x180000	0	0	-W4xI5aVI8w	yu17wG8L5FI	exact-RE-no-direct-call
0x1160	f764f4134d1b7b1f	2	0x7af8,0x82f2	0xaf50	Sce.Debug:Gnm	property_name	gpu_info_base	0x100000	0x180000	0	0	-W4xI5aVI8w	yu17wG8L5FI	exact-RE-no-direct-call
0x1200	f764f4134d1b7b1f	2	0x8228,0x8a22	0xb8a0	Sce.Debug:Gnm	property_name	gpu_info_base	0x100000	0x180000	0	0	-W4xI5aVI8w	yu17wG8L5FI	exact-RE-no-direct-call
0x1202	f764f4134d1b7b1f	2	0x8228,0x8a22	0xb8a0	Sce.Debug:Gnm	property_name	gpu_info_base	0x100000	0x180000	0	0	-W4xI5aVI8w	yu17wG8L5FI	exact-RE-no-direct-call
0x1220	f764f4134d1b7b1f	2	0x8228,0x8a22	0xb8a0	Sce.Debug:Gnm	property_name	gpu_info_base	0x100000	0x180000	0	0	-W4xI5aVI8w	yu17wG8L5FI	exact-RE-no-direct-call
0x1240	f764f4134d1b7b1f	2	0x8228,0x8a22	0xb8a0	Sce.Debug:Gnm	property_name	gpu_info_base	0x100000	0x180000	0	0	-W4xI5aVI8w	yu17wG8L5FI	exact-RE-no-direct-call
0x1260	f764f4134d1b7b1f	2	0x8228,0x8a22	0xb8a0	Sce.Debug:Gnm	property_name	gpu_info_base	0x100000	0x180000	0	0	-W4xI5aVI8w	yu17wG8L5FI	exact-RE-no-direct-call
0x1270	f764f4134d1b7b1f	2	0x8228,0x8a22	0xb8a0	Sce.Debug:Gnm	property_name	gpu_info_base	0x100000	0x180000	0	0	-W4xI5aVI8w	yu17wG8L5FI	exact-RE-no-direct-call
