title_id	library	function	nid	classification
PPSA02453	libSceAgc	sceAgcAcbAcquireMem	KT-hTp-Ch14	implemented
PPSA02453	libSceAgc	sceAgcAcbDispatchIndirect	j3EtxFkSIhQ	implemented
PPSA02453	libSceAgc	sceAgcAcbDmaData	-RnpfpxIhec	implemented
PPSA02453	libSceAgc	sceAgcAcbEventWrite	cFazmnXpJOE	implemented
PPSA02453	libSceAgc	sceAgcAcbResetQueue	JrtiDtKeS38	implemented
PPSA02453	libSceAgc	sceAgcAcbWaitRegMem	htn36gPnBk4	implemented
PPSA02453	libSceAgc	sceAgcAcbWriteData	eZ4+17OQz4Q	implemented
PPSA02453	libSceAgc	sceAgcCbDispatch	k3GhuSNmBLU	implemented
PPSA02453	libSceAgc	sceAgcCbNop	LtTouSCZjHM	implemented
PPSA02453	libSceAgc	sceAgcCbReleaseMem	wr23dPKyWc0	implemented
PPSA02453	libSceAgc	sceAgcCbSetShRegisterRangeDirect	n2fD4A+pb+g	implemented
PPSA02453	libSceAgc	sceAgcCbSetShRegistersDirect	UZbQjYAwwXM	implemented
PPSA02453	libSceAgc	sceAgcCreateInterpolantMapping_0100	HV4j+E0MBHE	forwarding-wrapper
PPSA02453	libSceAgc	sceAgcCreatePrimState	D9sr1xGUriE	implemented
PPSA02453	libSceAgc	sceAgcCreateShader	f3dg2CSgRKY	implemented
PPSA02453	libSceAgc	sceAgcDcbAcquireMem	57labkp+rSQ	implemented
PPSA02453	libSceAgc	sceAgcDcbCopyData	1rZSWUv1IRc	implemented
PPSA02453	libSceAgc	sceAgcDcbDispatchIndirect	CtB+A9-VxO0	implemented
PPSA02453	libSceAgc	sceAgcDcbDmaData	WmAc2MEj6Io	implemented
PPSA02453	libSceAgc	sceAgcDcbDrawIndex	q88lQ+GP5Yk	implemented
PPSA02453	libSceAgc	sceAgcDcbDrawIndexAuto	Yw0jKSqop+E	implemented
PPSA02453	libSceAgc	sceAgcDcbDrawIndexIndirect	t1vNu082-jM	implemented
PPSA02453	libSceAgc	sceAgcDcbDrawIndirect	1q1titRBL6o	implemented
PPSA02453	libSceAgc	sceAgcDcbEventWrite	aJf+j5yntiU	implemented
PPSA02453	libSceAgc	sceAgcDcbPopMarker	H7uZqCoNuWk	implemented
PPSA02453	libSceAgc	sceAgcDcbPushMarker	+kSrjIVxKFE	implemented
PPSA02453	libSceAgc	sceAgcDcbResetQueue	TRO721eVt4g	implemented
PPSA02453	libSceAgc	sceAgcDcbSetBaseIndirectArgs	RmaJwLtc8rY	implemented
PPSA02453	libSceAgc	sceAgcDcbSetCxRegistersIndirect	ZvwO9euwYzc	implemented
PPSA02453	libSceAgc	sceAgcDcbSetFlip	YUeqkyT7mEQ	implemented
PPSA02453	libSceAgc	sceAgcDcbSetIndexBuffer	l4fM9K-Lyks	implemented
PPSA02453	libSceAgc	sceAgcDcbSetIndexCount	8N2tmT3jmC8	implemented
PPSA02453	libSceAgc	sceAgcDcbSetIndexSize	GIIW2J37e70	implemented
PPSA02453	libSceAgc	sceAgcDcbSetNumInstances	tSBxhAPyytQ	implemented
PPSA02453	libSceAgc	sceAgcDcbSetShRegistersIndirect	-HOOCn0JY48	implemented
PPSA02453	libSceAgc	sceAgcDcbSetUcRegistersIndirect	hvUfkUIQcOE	implemented
PPSA02453	libSceAgc	sceAgcDcbStallCommandBufferParser	u2T2DiA5hRI	implemented
PPSA02453	libSceAgc	sceAgcDcbWaitRegMem	VmW0Tdpy420	implemented
PPSA02453	libSceAgc	sceAgcDcbWaitUntilSafeForRendering	MWiElSNE8j8	implemented
PPSA02453	libSceAgc	sceAgcDcbWriteData	i1jyy49AjXU	implemented
PPSA02453	libSceAgc	sceAgcDebugRaiseException	T6xuVw0KUJo	implemented
PPSA02453	libSceAgc	sceAgcDmaDataPatchSetDstAddressOrOffset	IxYiarKlXxM	implemented
PPSA02453	libSceAgc	sceAgcFuseShaderHalves_0200	fd5Bp5tGTgo	forwarding-wrapper
PPSA02453	libSceAgc	sceAgcGetDataPacketPayloadAddress_0090	V++UgBtQhn0	forwarding-wrapper
PPSA02453	libSceAgc	sceAgcGetFusedShaderSize_0080	dolOmWH+huQ	forwarding-wrapper
PPSA02453	libSceAgc	sceAgcGetRegisterDefaults2	2JtWUUiYBXs	implemented
PPSA02453	libSceAgc	sceAgcGetRegisterDefaults2Internal	wRbq6ZjNop4	implemented
PPSA02453	libSceAgc	sceAgcInit_0090	23LRUSvYu1M	forwarding-wrapper
PPSA02453	libSceAgc	sceAgcQueueEndOfPipeActionPatchAddress	0fWWK5uG9rQ	implemented
PPSA02453	libSceAgc	sceAgcSetCxRegIndirectPatchAddRegisters	d-6uF9sZDIU	implemented
PPSA02453	libSceAgc	sceAgcSetCxRegIndirectPatchSetAddress	vcmNN+AAXnY	implemented
PPSA02453	libSceAgc	sceAgcSetShRegIndirectPatchAddRegisters	z2duB-hHQSM	implemented
PPSA02453	libSceAgc	sceAgcSetShRegIndirectPatchSetAddress	Qrj4c+61z4A	implemented
PPSA02453	libSceAgc	sceAgcSetUcRegIndirectPatchAddRegisters	vRoArM9zaIk	implemented
PPSA02453	libSceAgc	sceAgcSetUcRegIndirectPatchSetAddress	6lNcCp+fxi4	implemented
PPSA02453	libSceAgc	sceAgcSuspendPoint	h9z6+0hEydk	implemented
PPSA02453	libSceAgc	sceAgcWaitRegMemPatchAddress	3KDcnM3lrcU	implemented
PPSA02453	libSceAgcDriver	sceAgcDriverAddEqEvent	w2rJhmD+dsE	implemented
PPSA02453	libSceAgcDriver	sceAgcDriverAgrSubmitDcb	AhGvpITrf4M	implemented
PPSA02453	libSceAgcDriver	sceAgcDriverSetHsOffchipParam	MM4IZSEYytQ	implemented
PPSA02453	libSceAgcDriver	sceAgcDriverSetTFRing	XlNp7jzGiPo	implemented
PPSA02453	libSceAgcDriver	sceAgcDriverSubmitAcb	gSRnr79F8tQ	implemented
PPSA02453	libSceAgcDriver	sceAgcDriverSubmitDcb	UglJIZjGssM	implemented
