# firmware_abi_key	libSceVideoOut_relative_path	sprx_sha256	register_buffers_nid	first_guard_field	second_guard_field	patch_vaddr	original_bytes	verification
0x0320	3.20/system/common/lib/libSceVideoOut.sprx	42b771826c6f315419a2e52d2058e9e135b44d0264ee28dc565a7a1e2a232a6c	w3BY+tAEiQY	0x758	0x700	0x81b3	0f849f040000	linear-rejection-0x80290007
0x0400	4.00/system/common/lib/libSceVideoOut.sprx	04b30fb9cb480199cd5cd254dae4c3ae6d52675f6443ea2956cb0cff67885bf7	w3BY+tAEiQY	0x758	0x700	0x8409	0f8425050000	linear-rejection-0x80290007
0x0403	4.03/system/common/lib/libSceVideoOut.sprx	719be577ab91e24547a124c1817d4dbc16ceaffaf4a3e1323433b9d56129b93a	w3BY+tAEiQY	0x758	0x700	0x8409	0f8425050000	linear-rejection-0x80290007
0x0450	4.50/system/common/lib/libSceVideoOut.sprx	68be83b1c37a663aeb04d38f35833ad8700e55dd1b0f99ebd761fe6e63516053	w3BY+tAEiQY	0x758	0x700	0x8409	0f8425050000	linear-rejection-0x80290007
0x0451	4.51/system/common/lib/libSceVideoOut.sprx	bb7e992878061aa2772eb54467227d563a642349d862567e19647bfc719add1c	w3BY+tAEiQY	0x758	0x700	0x8409	0f8425050000	linear-rejection-0x80290007
0x0502	5.02/system/common/lib/libSceVideoOut.sprx	2785aa6c6c426e3d1c71af30e4de69286e8687e4722bd87666908487ebaacc66	w3BY+tAEiQY	0x758	0x700	0x7e61	0f8415020000	linear-rejection-0x80290007
0x0510	5.10/system/common/lib/libSceVideoOut.sprx	2785aa6c6c426e3d1c71af30e4de69286e8687e4722bd87666908487ebaacc66	w3BY+tAEiQY	0x758	0x700	0x7e61	0f8415020000	linear-rejection-0x80290007
0x0550	5.50/system/common/lib/libSceVideoOut.sprx	d77c0063198fd5ad74e3733852fa7a5c27c57f560b39cee110b9d1651ee6afaa	w3BY+tAEiQY	0x758	0x700	0x7e61	0f8415020000	linear-rejection-0x80290007
0x0600	6.00/system/common/lib/libSceVideoOut.sprx	04d32b316719dc060601352afde01878d95d1b7ddf57a19bec033a8bb3b7c885	w3BY+tAEiQY	0x760	0x700	0x8515	0f8446020000	linear-rejection-0x80290007
0x0602	6.02/system/common/lib/libSceVideoOut.sprx	6721fffc56ad16102e2c6d993a01f20c0a7bf8243a283e0aead7d955ac49cbe7	w3BY+tAEiQY	0x760	0x700	0x8515	0f8446020000	linear-rejection-0x80290007
0x0650	6.50/system/common/lib/libSceVideoOut.sprx	7520ae424da3d099ecd72b96f87f8fbebd4f172a3e797fa013383612d6420ec5	w3BY+tAEiQY	0x760	0x700	0x8515	0f8446020000	linear-rejection-0x80290007
0x0701	7.01/system/common/lib/libSceVideoOut.sprx	dc96abebfcf18c5183bd382eab6cc24661cf8b6961cf59220e231382b157b597	w3BY+tAEiQY	0x770	0x704	0x8cb3	0f8449020000	linear-rejection-0x80290007
0x0720	7.20/system/common/lib/libSceVideoOut.sprx	c2f4d7fa5f2ba011f0f56bd087568407c8f2fec23e4f9d5cfa36eca3803a67c6	w3BY+tAEiQY	0x770	0x704	0x8cb3	0f8449020000	linear-rejection-0x80290007
0x0740	7.40/system/common/lib/libSceVideoOut.sprx	e5ba0efe56146b1d23d62b7a92d9d9c7162cf38b3eb47040ce1a1f050950864d	w3BY+tAEiQY	0x770	0x704	0x8cb3	0f8449020000	linear-rejection-0x80290007
0x0760	7.60/system/common/lib/libSceVideoOut.sprx	ae63adce3c4a01cf57cd6ecd384dff8b4a813d3a7cbf7417d93c0655be890e47	w3BY+tAEiQY	0x770	0x704	0x8cb3	0f8449020000	linear-rejection-0x80290007
0x0761	7.61/system/common/lib/libSceVideoOut.sprx	97a82a7053d900f5c7fa2303c0503fd4a10607ce1ae91fce2e6ff0bf0c347b0e	w3BY+tAEiQY	0x770	0x704	0x8cb3	0f8449020000	linear-rejection-0x80290007
0x0800	8.00/lib/libSceVideoOut.sprx	c33eeb77092e1989f18db30f8d001f621380f4c07a7f945763cc34e4ae0a5c6c	w3BY+tAEiQY	0x770	0x704	0x8fc4	0f8438020000	linear-rejection-0x80290007
0x0820	8.20/system/common/lib/libSceVideoOut.sprx	1f0fbb21badfb34a1a9cdaa2c00d6b41a8f3108053c29659ce8ccb1ab2f9a303	w3BY+tAEiQY	0x770	0x704	0x8fc4	0f8438020000	linear-rejection-0x80290007
0x0840	8.40/system/common/lib/libSceVideoOut.sprx	43aa871aae64f46dfe13fda001ab36f8f50e00ed992a226e629e25a3a670561a	w3BY+tAEiQY	0x770	0x704	0x8fc4	0f8438020000	linear-rejection-0x80290007
0x0860	8.60/system/common/lib/libSceVideoOut.sprx	c068fef14bdd18553197c672970ea8f7605edd71394fc408dd0d6ad1086505df	w3BY+tAEiQY	0x770	0x704	0x8fc4	0f8438020000	linear-rejection-0x80290007
0x0900	9.00/system/common/lib/libSceVideoOut.sprx	155c462473dff342ee1aa8eabf1ea51017cda3133c30acc1f03cbf1970456ad2	w3BY+tAEiQY	0x774	0x704	0x97e3	0f8449020000	linear-rejection-0x80290007
0x0905	9.05/system/common/lib/libSceVideoOut.sprx	eac4b62a226e1a82fc545571e019fcce66507d952cd54582d46cc5ba98f5162f	w3BY+tAEiQY	0x774	0x704	0x97e3	0f8449020000	linear-rejection-0x80290007
0x0920	9.20/lib/libSceVideoOut.sprx	7b6a3cc1b03c594ed948ce3b9b123b5a4f35712a7bb649b5a5ef67edceeb8b06	w3BY+tAEiQY	0x774	0x704	0x97e3	0f8449020000	linear-rejection-0x80290007
0x0940	9.40/system/common/lib/libSceVideoOut.sprx	4752aed45b0371bda4aa4ad8e2ff78998c999fb7ff98c32b0f1840eb213b67ae	w3BY+tAEiQY	0x774	0x704	0x97e3	0f8449020000	linear-rejection-0x80290007
0x0960	9.60/system/common/lib/libSceVideoOut.sprx	d2c69d7ea0cc9a3c819264c51a5c9e09118e83103b1deb5b45eb34db91ba888f	w3BY+tAEiQY	0x774	0x704	0x97e3	0f8449020000	linear-rejection-0x80290007
0x1001	10.01/system/common/lib/libSceVideoOut.sprx	2b21600219b829d98f2346c428ec60d48352d34c59b10f5ac9e9834971625b3a	w3BY+tAEiQY	0x774	0x704	0x97eb	0f8433020000	linear-rejection-0x80290007
0x1020	10.20/system/common/lib/libSceVideoOut.sprx	ec49cbb715c7b3a8abbdf0167ae3fb4c65968d411bb9c59206db2c768c7a3034	w3BY+tAEiQY	0x774	0x704	0x97eb	0f8433020000	linear-rejection-0x80290007
0x1040	10.40/system/common/lib/libSceVideoOut.sprx	3e2943e9be6d8fc73360e413d1711256d26a7f6d7f806cf03060dbee2f8731fe	w3BY+tAEiQY	0x774	0x704	0x97eb	0f8433020000	linear-rejection-0x80290007
0x1060	10.60/system/common/lib/libSceVideoOut.sprx	8564bebf184a96e009dac0eadd628f8bce6973fd3203d6dcdefcb75e6b44b9a6	w3BY+tAEiQY	0x774	0x704	0x97eb	0f8433020000	linear-rejection-0x80290007
0x1100	11.00/system/common/lib/libSceVideoOut.sprx	d7511aae0bb0cffd5a6ed31195d0baa411f200daeb6b3a03d2b5d9ba1554aae2	w3BY+tAEiQY	0x774	0x704	0x9922	0f843c020000	linear-rejection-0x80290007
0x1120	11.20/lib/libSceVideoOut.sprx	d6d55b64cf84a8a08a96c0700a38138837b85c336e17a27cdeba76b6ab39b8f3	w3BY+tAEiQY	0x774	0x704	0x9922	0f843c020000	linear-rejection-0x80290007
0x1140	11.40/system/common/lib/libSceVideoOut.sprx	c6cb87eccbe0ed14ca9ef40870fe690036f9122ce395c4385bd86f496817397d	w3BY+tAEiQY	0x774	0x704	0x9922	0f843c020000	linear-rejection-0x80290007
0x1160	11.60/system/common/lib/libSceVideoOut.sprx	7d8628957d087962f851d779a0a58ee7149691bcbe00f3884cf1b0a67dd6f7a3	w3BY+tAEiQY	0x774	0x704	0x9922	0f843c020000	linear-rejection-0x80290007
0x1200	12.00/system/common/lib/libSceVideoOut.sprx	cde01da0b70c56c456ce23ca34173d592e85ba815d5bcff9dec0e02049e57626	w3BY+tAEiQY	0x774	0x704	0x9f2e	0f842e030000	linear-rejection-0x80290007
0x1202	12.02/system/common/lib/libSceVideoOut.sprx	521f8b5d286be18cc20a64e000d77465b195c050e6936136c6518dc95fbd999a	w3BY+tAEiQY	0x774	0x704	0x9f2e	0f842e030000	linear-rejection-0x80290007
0x1220	12.20/system/common/lib/libSceVideoOut.sprx	728fbabef7356b1200f5752da554a3c2e11328082d112908fcfa9b10d3c03c8e	w3BY+tAEiQY	0x774	0x704	0x9f2e	0f842e030000	linear-rejection-0x80290007
0x1240	12.40/PS5 Pro 12.40 Lib/lib/libSceVideoOut.sprx	73fe9115eb261422fff8c72b4649e4ace3d7952e8bbf39d2a8de1075f9f8ff50	w3BY+tAEiQY	0x774	0x704	0x9f2e	0f842e030000	linear-rejection-0x80290007
0x1260	12.60/lib/libSceVideoOut.sprx	64808f04e75d6893c1626405a1a409810c78ac5163dac8bf899236a466a55601	w3BY+tAEiQY	0x774	0x704	0x9f2e	0f842e030000	linear-rejection-0x80290007
0x1270	12.70/system/common/lib/libSceVideoOut.sprx	de692ea21d41ca19acb4533cc3cb83b5dc68aa5713ba818c3171b9912f764b08	w3BY+tAEiQY	0x774	0x704	0x9f2e	0f842e030000	linear-rejection-0x80290007
